﻿<?xml version="1.0" ?>
  <dpinst>
<enableNotListedLanguages/>
<!-- The following search and subDirectory elements direct
     DPInst to search all subdirectories (under the DPInst working directory) to locate driver
     packages. -->
    <search>
      <subDirectory>*</subDirectory>
</search>

<language code="0x409">
<!-- The following language element localizes its child elements
     for the English (Standard) language. The child elements
     customize the text that appears on the DPInst wizard pages. -->

      <dpinstTitle>Welcome to Android adb-USB UnifL Installer!</dpinstTitle>
      <welcomeTitle>Android adb-USB UnifL Driver v1.17</welcomeTitle> 
	  <welcomeIntro>
-Supported devices:
-Advent -Amazon -Asus -Broadcom SoC -Coolpad -Dell -Garmin-Asus -GIONEE -Google -HTC -Huawei -Intel SoC -iOcean -Kiano -Lenovo -LG -MediaTek SoC -Meizu -Motorolla -Nook/Nook Color -NVIDIA Shield -OnePlus -OPPO -Proscan -Qualcomm SoC -Rockchip SoC -Samsung -Sony -Sony Ericsson -TCL/Alcatel -THL -Tolino -Xiaomi -YU.
	  </welcomeIntro>
      <installHeaderTitle>Installing Android USB UnifL driver, Please wait ...</installHeaderTitle>
      <finishTitle>Congratulations! You are finished Android USB UnifL driver installation!</finishTitle>
      <finishText>Enjoy using the Android USB UnifL driver.</finishText>
</language>

<!-- The following three elements customize, but do not localize,
     the icon and bitmaps that appear on the DPInst wizard pages. -->
    <icon>Data\Eula.ico</icon>
 <headerPath>Data\Header.bmp</headerPath>
 <watermarkPath>Data\Watermark.bmp</watermarkPath>

  </dpinst>